{"root":[{"assemblyName":"Unity.XR.Interaction.Toolkit","nameSpace":"UnityEngine.XR.Interaction.Toolkit.Inputs.Simulation","className":"SimulatedInputLayoutLoader","methodName":"Initialize","loadTypes":1,"isUnityClass":true},{"assemblyName":"Unity.XR.Interaction.Toolkit","nameSpace":"UnityEngine.XR.Interaction.Toolkit.Inputs.Interactions","className":"SectorInteraction","methodName":"Initialize","loadTypes":1,"isUnityClass":true},{"assemblyName":"Unity.InputSystem","nameSpace":"UnityEngine.InputSystem","className":"InputSystem","methodName":"RunInitializeInPlayer","loadTypes":1,"isUnityClass":true},{"assemblyName":"Microsoft.MixedReality.OpenXR","nameSpace":"Microsoft.MixedReality.OpenXR","className":"AnchorSubsystem","methodName":"RegisterDescriptor","loadTypes":4,"isUnityClass":false},{"assemblyName":"Microsoft.MixedReality.OpenXR","nameSpace":"Microsoft.MixedReality.OpenXR","className":"PlaneSubsystem","methodName":"RegisterDescriptor","loadTypes":4,"isUnityClass":false},{"assemblyName":"Microsoft.MixedReality.OpenXR","nameSpace":"Microsoft.MixedReality.OpenXR","className":"RaycastSubsystem","methodName":"RegisterDescriptor","loadTypes":4,"isUnityClass":false},{"assemblyName":"Unity.XR.Management","nameSpace":"UnityEngine.XR.Management","className":"XRGeneralSettings","methodName":"AttemptInitializeXRSDKOnLoad","loadTypes":2,"isUnityClass":true},{"assemblyName":"Unity.XR.Management","nameSpace":"UnityEngine.XR.Management","className":"XRGeneralSettings","methodName":"AttemptStartXRSDKOnBeforeSplashScreen","loadTypes":3,"isUnityClass":true}]}
